"id","title","description","availability","condition","price","link","image_link","brand","product_type"
"mule-de-tacon-alto-con-tres-tiras","Mule de tacón alto con tres tiras","Sandalia mule de tacón alto con punta cuadrada, tres tiras y diseño abierto en el talón. Disponible en cuatro colores.","","","189900 COP","https://tienda.mfcol.com/?producto=mule-de-tacon-alto-con-tres-tiras","https://tienda.mfcol.com/assets/foto-001.jpg","Marlon Footwear","Tacones"
"sandalia-de-plataforma-con-correa-al-tobillo","Sandalia de plataforma con correa al tobillo","Sandalia de plataforma en material sintético mate, con punta abierta, tira ancha en el empeine y correa ajustable al tobillo con hebilla. Disponible en negro y blanco.","","","239900 COP","https://tienda.mfcol.com/?producto=sandalia-de-plataforma-con-correa-al-tobillo","https://tienda.mfcol.com/assets/foto-005.jpg","Marlon Footwear","Plataformas"
"sandalia-de-tacon-alto-con-tiras-finas","Sandalia de tacón alto con tiras finas","Sandalia de tacón alto con punta cuadrada, tira delantera fina y correa ajustable al tobillo con hebilla. Disponible en negro, nude y plateado.","","","199900 COP","https://tienda.mfcol.com/?producto=sandalia-de-tacon-alto-con-tiras-finas","https://tienda.mfcol.com/assets/foto-009.jpg","Marlon Footwear","Tacones"
"mule-de-tacon-alto-con-tira-ancha","Mule de tacón alto con tira ancha","Mule abierto de tacón alto, con tira amplia en el empeine y tacón tipo aguja. Disponible en rojo, negro, plateado, blanco y dorado.","","","190000 COP","https://tienda.mfcol.com/?producto=mule-de-tacon-alto-con-tira-ancha","https://tienda.mfcol.com/assets/foto-014.jpg","Marlon Footwear","Tacones"
"sandalia-de-plataforma-con-tira-ancha","Sandalia de plataforma con tira ancha","Sandalia slide de punta abierta, con una tira ancha sobre el empeine y suela de plataforma alta. Disponible en negro y blanco.","","","190000 COP","https://tienda.mfcol.com/?producto=sandalia-de-plataforma-con-tira-ancha","https://tienda.mfcol.com/assets/foto-019.jpg","Marlon Footwear","Plataformas"
"sandalia-de-tacon-con-tira-transparente","Sandalia de tacón con tira transparente","Sandalia de tacón alto con diseño estilizado y tira transparente. Disponible en blanco, nude, plateado, negro y fucsia.","","","179900 COP","https://tienda.mfcol.com/?producto=sandalia-de-tacon-con-tira-transparente","https://tienda.mfcol.com/assets/foto-023.jpg","Marlon Footwear","Tacones"
"sandalia-de-tacon-alto-con-tiras-cruzadas","Sandalia de tacón alto con tiras cruzadas","Sandalia de tacón alto con punta fina, tiras cruzadas sobre el empeine y correa ajustable al tobillo. Disponible en dorado, negro, nude y rojo.","","","199900 COP","https://tienda.mfcol.com/?producto=sandalia-de-tacon-alto-con-tiras-cruzadas","https://tienda.mfcol.com/assets/foto-030.jpg","Marlon Footwear","Tacones"
"mule-de-tacon-alto-con-tira-transparente","Mule de tacón alto con tira transparente","Mule de tacón alto con banda transparente y tacón transparente. Disponible en negro, nude y dorado.","","","219000 COP","https://tienda.mfcol.com/?producto=mule-de-tacon-alto-con-tira-transparente","https://tienda.mfcol.com/assets/foto-035.jpg","Marlon Footwear","Tacones"
"sandalia-de-tacon-con-tira-transparente-2","Sandalia de tacón con tira transparente","Sandalia de tacón alto con banda transparente en la parte delantera y correa ajustable al tobillo. Disponible en negro, nude y blanco.","","","199900 COP","https://tienda.mfcol.com/?producto=sandalia-de-tacon-con-tira-transparente-2","https://tienda.mfcol.com/assets/foto-040.jpg","Marlon Footwear","Tacones"
"sandalia-nude-de-cuna-con-correa-transparente","Sandalia nude de cuña con correa transparente","Sandalia nude de cuña alta con plataforma trenzada y correa transparente al tobillo.","","","209900 COP","https://tienda.mfcol.com/?producto=sandalia-nude-de-cuna-con-correa-transparente","https://tienda.mfcol.com/assets/foto-044.jpg","Marlon Footwear","Plataformas"
"sandalia-de-cuna-trenzada-en-negro-y-rosado","Sandalia de cuña trenzada en negro y rosado","Sandalia de cuña con detalle trenzado, disponible en negro y rosado.","","","219000 COP","https://tienda.mfcol.com/?producto=sandalia-de-cuna-trenzada-en-negro-y-rosado","https://tienda.mfcol.com/assets/foto-046.jpg","Marlon Footwear","Plataformas"
"sandalia-de-cuna-con-pedreria-y-tiras-transparentes","Sandalia de cuña con pedrería y tiras transparentes","Sandalia de plataforma con cuña cubierta de pedrería brillante, plantilla nude, tira transparente y correa al tobillo con hebilla. Disponible en nude con pedrería.","","","249900 COP","https://tienda.mfcol.com/?producto=sandalia-de-cuna-con-pedreria-y-tiras-transparentes","https://tienda.mfcol.com/assets/foto-048.png","Marlon Footwear","Plataformas"
"mule-de-tacon-alto-con-textura-croco","Mule de tacón alto con textura croco","Mule de tacón alto con tira amplia al frente y acabado con textura tipo croco. Disponible en nude, negro, dorado, plateado y blanco.","","","199900 COP","https://tienda.mfcol.com/?producto=mule-de-tacon-alto-con-textura-croco","https://tienda.mfcol.com/assets/foto-050.jpg","Marlon Footwear","Tacones"
"sandalia-nude-de-tacon-fino-transparente","Sandalia nude de tacón fino transparente","Sandalia nude de punta abierta con tira transparente al frente, correa ajustable al tobillo y tacón fino transparente tipo aguja.","","","239900 COP","https://tienda.mfcol.com/?producto=sandalia-nude-de-tacon-fino-transparente","https://tienda.mfcol.com/assets/foto-057.jpg","Marlon Footwear","Tacones"
"sandalia-nude-con-tacon-transparente","Sandalia nude con tacón transparente","Sandalia nude de tacón alto, con tiras transparentes en el empeine y el tobillo, y tacón bloque transparente.","","","219000 COP","https://tienda.mfcol.com/?producto=sandalia-nude-con-tacon-transparente","https://tienda.mfcol.com/assets/foto-059.jpg","Marlon Footwear","Tacones"
"sandalia-nude-con-tacon-grueso-efecto-cristal","Sandalia nude con tacón grueso efecto cristal","Sandalia nude de punta abierta con banda transparente en el empeine y tacón grueso translúcido de diseño escultural.","","","249900 COP","https://tienda.mfcol.com/?producto=sandalia-nude-con-tacon-grueso-efecto-cristal","https://tienda.mfcol.com/assets/foto-068.jpg","Marlon Footwear","Tacones"
"mule-nude-con-doble-tira-transparente","Mule nude con doble tira transparente","Mule abierto de tacón alto, con doble tira transparente sobre el empeine, base nude y tacón bloque transparente.","","","219900 COP","https://tienda.mfcol.com/?producto=mule-nude-con-doble-tira-transparente","https://tienda.mfcol.com/assets/foto-070.jpg","Marlon Footwear","Tacones"
"sandalia-de-plataforma-con-tacon-bloque","Sandalia de plataforma con tacón bloque","Sandalia de tacón alto con plataforma delantera, tira ancha en la punta y correa al tobillo con hebilla. Tiene tacón grueso tipo bloque. Disponible en blanco, dorado, plateado y negro.","","","239900 COP","https://tienda.mfcol.com/?producto=sandalia-de-plataforma-con-tacon-bloque","https://tienda.mfcol.com/assets/foto-073.jpg","Marlon Footwear","Plataformas"
"sandalia-negra-de-tacon-con-tiras-brillantes","Sandalia negra de tacón con tiras brillantes","Sandalia negra de tacón alto con tiras delgadas y detalle brillante, punta abierta y correa ajustable al tobillo con hebilla.","","","215000 COP","https://tienda.mfcol.com/?producto=sandalia-negra-de-tacon-con-tiras-brillantes","https://tienda.mfcol.com/assets/foto-078.png","Marlon Footwear","Tacones"
"sandalia-de-plataforma-en-charol-con-tacon-bloque","Sandalia de plataforma en charol con tacón bloque","Sandalia de plataforma con acabado charol, tira ancha en la punta, correa ajustable al tobillo con hebilla y tacón grueso tipo bloque. Disponible en blanco, negro y nude.","","","239900 COP","https://tienda.mfcol.com/?producto=sandalia-de-plataforma-en-charol-con-tacon-bloque","https://tienda.mfcol.com/assets/foto-080.jpg","Marlon Footwear","Plataformas"
"mule-de-plataforma-con-tacon-bloque","Mule de plataforma con tacón bloque","Mule de punta abierta con una tira amplia sobre el empeine, plataforma alta y tacón ancho tipo bloque. Disponible en blanco, negro y nude.","","","239900 COP","https://tienda.mfcol.com/?producto=mule-de-plataforma-con-tacon-bloque","https://tienda.mfcol.com/assets/foto-087.jpg","Marlon Footwear","Tacones"
"sandalia-de-plataforma-con-tiras-cruzadas","Sandalia de plataforma con tiras cruzadas","Sandalia abierta tipo slide con tiras anchas cruzadas sobre el empeine y plataforma alta. Disponible en blanco y negro.","","","199900 COP","https://tienda.mfcol.com/?producto=sandalia-de-plataforma-con-tiras-cruzadas","https://tienda.mfcol.com/assets/foto-095.jpg","Marlon Footwear","Plataformas"
"sandalia-de-plataforma-con-tiras-cruzadas-2","Sandalia de plataforma con tiras cruzadas","Sandalia de plataforma alta con tiras cruzadas sobre el empeine, correa ajustable al tobillo con hebilla y tacón ancho tipo bloque. Disponible en negro y nude.","","","239900 COP","https://tienda.mfcol.com/?producto=sandalia-de-plataforma-con-tiras-cruzadas-2","https://tienda.mfcol.com/assets/foto-097.jpg","Marlon Footwear","Plataformas"
"mule-negro-con-tacon-geometrico","Mule negro con tacón geométrico","Mule negro de tacón alto, con tira ancha de acabado brillante, punta cuadrada abierta y tacón bloque de diseño geométrico.","","","199900 COP","https://tienda.mfcol.com/?producto=mule-negro-con-tacon-geometrico","https://tienda.mfcol.com/assets/foto-099.jpg","Marlon Footwear","Tacones"
"sandalia-de-tacon-con-aplique-de-pedreria","Sandalia de tacón con aplique de pedrería","Sandalia de tacón alto con aplique frontal de pedrería, tiras decoradas y correa ajustable al tobillo. Tiene tacón transparente. Disponible en nude y negro.","","","249900 COP","https://tienda.mfcol.com/?producto=sandalia-de-tacon-con-aplique-de-pedreria","https://tienda.mfcol.com/assets/foto-101.jpg","Marlon Footwear","Tacones"
"sandalia-de-tacon-aguja-con-punta-metalica","Sandalia de tacón aguja con punta metálica","Sandalia de tacón alto tipo aguja, con punta estilizada, tiras de acabado metálico y correa al tobillo. Disponible en dorado y plateado.","","","189900 COP","https://tienda.mfcol.com/?producto=sandalia-de-tacon-aguja-con-punta-metalica","https://tienda.mfcol.com/assets/foto-104.jpg","Marlon Footwear","Tacones"
"sandalia-slide-de-plataforma-gruesa-con-tira-ancha","Sandalia slide de plataforma gruesa con tira ancha","Sandalia abierta tipo slide con una tira ancha sobre el empeine y plataforma gruesa de perfil redondeado. Disponible en nude, camel y negro.","","","190000 COP","https://tienda.mfcol.com/?producto=sandalia-slide-de-plataforma-gruesa-con-tira-ancha","https://tienda.mfcol.com/assets/foto-106.jpg","Marlon Footwear","Plataformas"
"sandalia-de-cuna-con-plataforma-tipo-corcho","Sandalia de cuña con plataforma tipo corcho","Sandalia abierta con banda transparente en el empeine y cuña alta con plataforma de acabado tipo corcho.","","","190000 COP","https://tienda.mfcol.com/?producto=sandalia-de-cuna-con-plataforma-tipo-corcho","https://tienda.mfcol.com/assets/foto-111.jpg","Marlon Footwear","Plataformas"
"sandalia-negra-de-tacon-fino-con-tiras-transparentes","Sandalia negra de tacón fino con tiras transparentes","Sandalia negra de tacón alto y punta estilizada, con banda transparente al frente y correa transparente al tobillo con hebilla.","","","199900 COP","https://tienda.mfcol.com/?producto=sandalia-negra-de-tacon-fino-con-tiras-transparentes","https://tienda.mfcol.com/assets/foto-113.jpg","Marlon Footwear","Tacones"
"sandalia-de-cuna-alta-con-detalles-transparentes","Sandalia de cuña alta con detalles transparentes","Sandalia de cuña alta con punta abierta, detalles transparentes y correa al tobillo con hebilla dorada. Disponible en negro, blanco y nude.","","","190000 COP","https://tienda.mfcol.com/?producto=sandalia-de-cuna-alta-con-detalles-transparentes","https://tienda.mfcol.com/assets/foto-116.jpg","Marlon Footwear","Plataformas"
"mule-de-tacon-fino-con-banda-metalica","Mule de tacón fino con banda metálica","Mule abierto de tacón alto con banda metálica sobre el empeine y tacón fino tipo aguja. Las fotos muestran acabados dorado y dorado rosado.","","","190000 COP","https://tienda.mfcol.com/?producto=mule-de-tacon-fino-con-banda-metalica","https://tienda.mfcol.com/assets/foto-119.jpg","Marlon Footwear","Tacones"
"sandalia-de-cuna-con-plataforma-tipo-corcho-y-correa","Sandalia de cuña con plataforma tipo corcho y correa","Sandalia abierta con tira ancha sobre el empeine, correa ajustable al tobillo y plataforma alta con acabado tipo corcho. Disponible en negro y blanco.","","","219000 COP","https://tienda.mfcol.com/?producto=sandalia-de-cuna-con-plataforma-tipo-corcho-y-correa","https://tienda.mfcol.com/assets/foto-121.jpg","Marlon Footwear","Plataformas"
"mule-nude-con-tacon-escultural-transparente","Mule nude con tacón escultural transparente","Mule nude abierto en el talón, con punta abierta, tira transparente sobre los dedos y tacón transparente de diseño escultural.","","","239900 COP","https://tienda.mfcol.com/?producto=mule-nude-con-tacon-escultural-transparente","https://tienda.mfcol.com/assets/foto-123.jpg","Marlon Footwear","Tacones"
"sandalia-nude-de-cuna-tipo-corcho-con-tiras-anudadas","Sandalia nude de cuña tipo corcho con tiras anudadas","Sandalia nude de punta abierta con tiras anudadas en el empeine, correa ajustable al tobillo y plataforma alta con acabado tipo corcho.","","","219900 COP","https://tienda.mfcol.com/?producto=sandalia-nude-de-cuna-tipo-corcho-con-tiras-anudadas","https://tienda.mfcol.com/assets/foto-126.jpg","Marlon Footwear","Plataformas"
